date,Food and beverages,Housing,Fuel and light,Clothing and footwear,Transport and communication,Health,Education,Miscellaneous,General index
2013-01-01,105.6,100.3,105.5,106.2,103.2,104.0,103.6,103.9,104.6
2013-02-01,106.6,100.4,106.0,106.8,104.2,104.5,103.9,104.4,105.3
2013-03-01,106.9,100.4,106.1,107.3,105.1,104.9,104.0,104.7,105.5
2013-04-01,107.7,100.5,106.5,107.9,104.7,105.3,105.0,104.8,106.1
2013-05-01,109.2,100.5,107.4,108.5,104.0,105.9,105.6,104.8,106.9
2013-06-01,112.2,106.6,108.3,109.3,105.1,106.4,107.4,105.8,109.3
2013-07-01,114.7,107.7,109.2,110.0,107.1,107.0,109.1,106.9,111.0
2013-08-01,116.6,108.9,109.7,110.7,108.0,107.5,109.9,107.9,112.4
2013-09-01,118.3,109.7,110.5,111.9,109.9,108.1,110.6,109.0,113.7
2013-10-01,120.2,110.5,110.9,112.8,109.5,108.6,110.8,109.2,114.8
2013-11-01,122.6,111.1,111.6,113.8,109.5,109.3,111.2,109.7,116.3
2013-12-01,118.4,110.7,111.9,114.8,109.8,109.7,111.5,110.0,114.5
2014-01-01,115.8,111.6,112.2,115.4,110.7,110.3,111.6,110.6,113.6
2014-02-01,115.3,112.5,112.4,115.9,111.1,110.7,111.8,110.9,113.6
2014-03-01,116.1,113.2,112.5,116.4,111.4,111.2,112.0,111.3,114.2
2014-04-01,117.6,113.9,112.5,117.0,111.2,111.5,112.7,111.5,115.1
2014-05-01,118.9,114.3,112.5,117.6,111.3,111.8,113.0,111.8,115.8
2014-06-01,120.4,113.9,113.2,118.3,111.8,112.3,114.8,112.3,116.7
2014-07-01,124.7,114.8,113.9,119.1,113.1,112.7,116.8,113.3,119.2
2014-08-01,126.6,115.5,114.0,119.6,112.8,113.3,118.0,113.7,120.3
2014-09-01,125.8,116.1,114.3,120.1,112.0,113.7,118.6,113.7,120.1
2014-10-01,125.4,116.7,114.7,121.0,111.8,114.3,118.8,113.9,120.1
2014-11-01,125.1,117.1,115.5,121.6,110.8,114.8,119.0,113.8,120.1
2014-12-01,123.6,116.5,115.7,122.0,110.1,115.1,119.5,113.8,119.4
2015-01-01,123.1,117.3,116.5,122.5,109.4,115.5,119.7,114.0,119.5
2015-02-01,123.1,118.1,117.7,123.3,108.7,116.3,119.7,114.1,119.7
2015-03-01,123.4,118.6,118.3,123.7,109.9,116.7,120.1,114.7,120.2
2015-04-01,124.0,119.2,118.7,124.1,110.1,117.1,121.0,115.1,120.7
2015-05-01,125.0,119.6,119.2,124.7,112.0,117.7,121.4,116.1,121.6
2015-06-01,127.3,119.0,119.8,125.7,112.9,118.5,123.1,117.0,123.0
2015-07-01,128.2,119.9,120.1,126.1,112.7,119.0,124.4,117.2,123.6
2015-08-01,130.3,120.9,120.6,126.6,111.7,119.4,125.1,117.2,124.8
2015-09-01,131.2,121.6,120.4,127.2,111.3,119.8,125.7,117.5,125.4
2015-10-01,132.1,122.4,120.8,127.8,111.4,120.4,125.9,117.9,126.1
2015-11-01,132.7,122.9,121.6,128.6,111.5,120.9,126.3,118.1,126.6
2015-12-01,131.4,122.4,122.0,129.0,111.5,121.4,126.2,118.3,126.1
2016-01-01,131.3,123.4,122.7,129.5,111.1,122.0,126.3,118.5,126.3
2016-02-01,129.9,124.4,123.1,130.2,111.4,122.5,126.6,119.1,126.0
2016-03-01,129.8,124.9,122.4,130.5,110.9,122.9,126.9,119.3,126.0
2016-04-01,131.8,125.6,122.3,131.0,112.1,123.2,127.7,120.0,127.3
2016-05-01,134.0,126.0,122.7,131.4,112.8,123.7,128.5,120.7,128.6
2016-06-01,136.8,125.5,123.3,132.0,114.2,124.1,129.7,121.5,130.1
2016-07-01,138.4,126.4,123.4,132.7,113.9,124.5,130.8,121.9,131.1
2016-08-01,137.9,127.3,123.6,133.2,113.1,124.8,131.7,122.1,131.1
2016-09-01,136.6,127.9,124.1,133.8,114.3,125.4,131.8,122.8,130.9
2016-10-01,137.0,128.7,124.3,134.5,115.2,126.1,132.4,123.4,131.4
2016-11-01,136.1,129.1,125.0,135.0,115.7,126.4,132.8,123.8,131.2
2016-12-01,134.0,128.5,126.6,135.4,116.0,126.9,133.1,123.9,130.4
2017-01-01,133.1,129.6,126.8,135.6,117.0,127.1,133.3,124.4,130.3
2017-02-01,133.0,130.5,127.9,135.9,117.4,127.4,133.4,124.8,130.6
2017-03-01,133.1,131.1,129.1,136.4,117.6,127.8,133.8,125.1,130.9
2017-04-01,133.5,131.7,129.8,137.0,116.6,128.1,134.5,125.1,131.1
2017-05-01,133.7,132.1,129.4,137.2,116.7,128.4,134.8,125.3,131.4
2017-06-01,135.2,131.4,128.8,137.5,116.5,128.5,135.4,125.5,132.0
2017-07-01,139.0,132.6,129.4,138.3,116.0,129.4,136.8,125.9,134.2
2017-08-01,140.6,134.4,129.8,139.3,117.3,130.2,137.6,126.8,135.4
2017-09-01,139.0,135.7,131.0,140.0,118.3,130.6,137.4,127.5,135.2
2017-10-01,140.1,137.3,132.2,140.8,117.8,131.3,137.9,127.7,136.1
2017-11-01,142.1,138.6,135.3,141.8,118.3,132.6,138.6,128.4,137.6
2017-12-01,140.5,139.1,136.6,142.0,118.5,133.1,138.5,128.6,137.2
2018-01-01,139.2,140.4,136.6,142.3,119.3,133.3,139.0,129.1,136.9
2018-02-01,137.6,141.3,136.7,142.6,120.2,133.8,139.0,129.6,136.4
2018-03-01,137.2,142.0,136.5,143.1,121.0,134.3,139.8,130.3,136.5
2018-04-01,137.5,142.9,136.5,144.0,121.9,135.2,141.4,131.3,137.1
2018-05-01,138.1,143.2,136.9,144.7,122.9,136.0,142.1,132.1,137.8
2018-06-01,139.4,142.5,138.1,145.2,123.7,136.2,142.8,132.6,138.5
2018-07-01,141.4,143.6,139.7,145.6,123.6,137.0,144.7,133.2,139.8
2018-08-01,141.7,144.6,140.9,146.1,124.3,137.7,146.0,133.9,140.4
2018-09-01,140.4,145.3,142.3,146.5,126.0,138.4,146.2,134.7,140.2
2018-10-01,139.7,146.9,145.3,146.8,125.5,142.1,147.8,136.3,140.8
2018-11-01,139.7,146.9,145.1,146.7,125.5,142.1,147.8,136.3,140.8
2018-12-01,138.2,146.5,142.7,146.8,123.6,144.9,150.1,136.8,140.1
2019-01-01,137.4,147.7,139.5,146.4,123.3,145.1,150.2,136.9,139.6
2019-02-01,137.5,148.5,138.4,146.5,123.9,145.6,150.3,137.4,139.9
2019-03-01,138.1,149.0,139.7,146.7,124.6,146.2,150.3,137.7,140.4
2019-04-01,139.5,149.55,140.0,147.0,124.75,146.55,150.95,137.95,141.2
2019-05-01,140.9,150.1,140.3,147.3,124.9,146.9,151.6,138.2,142.0
2019-06-01,142.7,149.4,141.2,147.4,124.6,147.4,152.5,138.6,142.9
2019-07-01,144.7,150.6,139.3,147.6,125.6,147.9,154.0,139.5,144.2
2019-08-01,145.9,151.6,138.5,147.9,125.8,148.5,154.9,140.2,145.0
2019-09-01,147.0,152.2,139.2,147.9,126.1,149.0,155.2,140.7,145.8
2019-10-01,149.6,153.0,140.6,148.2,126.3,149.4,155.4,141.0,147.2
2019-11-01,151.9,153.5,142.3,148.6,126.6,149.9,155.5,141.3,148.6
2019-12-01,155.0,152.8,143.7,149.0,129.8,150.4,155.7,142.5,150.4
2020-01-01,153.5,153.9,144.6,149.2,130.9,151.2,156.1,143.4,150.2
2020-02-01,150.5,154.8,147.2,149.5,130.3,151.7,156.2,143.6,149.1
2020-03-01,148.9,154.5,148.9,149.8,129.9,152.3,156.1,143.8,148.6
2020-04-01,151.4,155.6,144.1,150.33333333333334,131.6,150.7,156.2,144.86666666666667,149.66666666666666
2020-05-01,152.7,155.14999999999998,143.0,150.86666666666667,133.3,152.55,156.3,145.93333333333334,150.73333333333335
2020-06-01,154.0,154.7,141.9,151.4,135.0,154.4,156.4,147.0,151.8
2020-07-01,154.0,154.7,141.9,151.4,135.0,154.4,156.4,147.0,151.8
2020-08-01,157.0,155.5,143.0,151.7,138.5,155.0,158.5,149.0,153.9
2020-09-01,158.0,156.3,142.9,152.0,139.6,155.6,157.5,150.0,154.7
2020-10-01,161.4,156.5,143.1,152.3,140.6,156.3,158.5,150.4,156.4
2020-11-01,164.7,158.0,143.6,152.8,140.4,157.2,158.6,150.7,158.4
2020-12-01,165.4,158.4,144.6,153.6,140.7,158.3,159.4,151.2,158.9
2021-01-01,161.0,157.7,147.9,154.2,141.9,159.3,159.2,151.9,157.3
2021-02-01,156.9,159.8,152.4,155.8,145.1,161.3,159.5,153.4,156.6
2021-03-01,156.7,159.9,155.5,156.4,146.2,161.7,160.2,153.8,156.8
2021-04-01,158.0,161.4,155.6,157.3,146.6,162.3,160.3,154.4,157.8
2021-05-01,160.7,161.6,159.4,160.4,148.9,165.8,161.2,156.8,160.4
2021-06-01,162.6,160.5,159.8,160.7,150.7,166.3,161.7,157.6,161.3
2021-07-01,164.0,161.5,160.7,161.4,153.1,167.0,163.2,159.0,162.5
2021-08-01,164.0,162.1,162.6,163.2,154.0,168.4,163.8,160.0,163.2
2021-09-01,164.0,162.1,162.6,163.3,154.0,168.4,163.7,160.0,163.2
2021-10-01,167.7,163.6,164.2,164.3,155.7,169.1,163.9,161.0,165.5
2021-11-01,169.7,164.2,163.9,165.8,154.8,169.9,164.3,161.4,166.7
2021-12-01,168.2,163.4,164.1,167.0,155.7,170.6,164.4,162.0,166.2
2022-01-01,166.4,164.5,164.2,168.5,156.5,171.4,164.7,162.7,165.7
2022-02-01,166.2,165.5,165.7,169.6,156.9,172.2,165.4,163.5,166.1
2022-03-01,168.4,165.3,167.2,171.1,157.9,173.0,166.0,164.6,167.7
2022-04-01,170.8,167.0,172.2,172.8,162.6,174.0,166.9,166.8,170.1
2022-05-01,173.3,167.5,174.6,174.6,163.0,174.8,167.9,167.5,171.7
2022-06-01,174.9,166.8,176.0,176.0,161.1,175.4,169.0,167.5,172.6
2022-07-01,175.0,167.8,179.6,177.3,161.6,176.1,171.4,168.4,173.4
2022-08-01,176.3,169.0,178.8,178.5,161.9,176.8,172.3,169.1,174.3
2022-09-01,177.8,169.5,179.5,179.9,162.3,177.8,173.1,169.7,175.3
2022-10-01,179.6,171.2,180.5,181.0,162.9,178.7,173.4,170.5,176.7
2022-11-01,178.3,171.8,181.3,182.1,163.0,179.8,173.7,171.1,176.5
2022-12-01,175.9,170.7,182.0,183.0,163.4,181.1,174.1,172.0,175.7
2023-01-01,176.7,172.1,182.0,183.8,163.6,182.3,174.3,172.8,176.5
2023-02-01,177.0,173.5,182.1,185.1,164.2,184.4,175.0,174.1,177.2
2023-03-01,177.0,173.5,181.9,185.1,164.2,184.4,175.0,174.1,177.2
2023-04-01,177.9,175.2,181.7,185.7,164.5,185.0,176.4,175.0,178.1
2023-05-01,179.1,175.6,182.8,186.2,164.8,185.7,177.1,175.7,179.1
